channel,id
general,679428761438912525
ğŸ¸memes,795680393181265950
ğŸ’¬support,835168432520429578
ğŸ’¡ideas,689535474532221030
ğŸ¤‘airdrops,925120664157966427
ğŸ¤welcome,752271103497601125
ğŸ’œâ”‹praise,823570903219568700
ğŸŒâ”‹dao,689153434917929053
ğŸŒdao,689153434917929053
ğŸ’¡â”‹ideas,689535474532221030
â˜â”‹givethtrace-dev,707035677992288287
â˜giveth-1-dev,707035677992288287
â˜givethtrace-dev,707035677992288287
ğŸ‘‹â”‹introduce-yourself,752271103497601125
ğŸ’¹â”‹giv-economy,759816279623467023
ğŸ’¹giv-economy,759816279623467023
ğŸ‘â”‹governance,762764762164887562
ğŸ‘governance,762764762164887562
ğŸ“£-communications,790268394251354143
ğŸ“£â”‹communications,790268394251354143
ğŸ“£communications,790268394251354143
ğŸ“£marketing,790268394251354143
Communications,790268394251354143
ğŸ¸â”‹memes,795680393181265950
ğŸ¤project-onboarding,808032358933856306
âœ¨shtsnggls,821175885134168114
ğŸ‡â”‹test-reports,821759398820184116
ğŸŒˆâ”‹design,823555700735082516
ğŸŒˆdesign,823555700735082516
â¤praise,823570903219568700
ğŸ’¬â”‹support,835168432520429578
ğŸ’¬â”‹support-internal,835168432520429578
ğŸ¦-tweeeeeter,843526750512349186
ğŸ¦â”‹tweeeeeter,843526750512349186
ğŸ‘Œâ”‹all-dev,861692942645067777
ğŸ‘Œall-dev,861692942645067777
ğŸ§™â”‹wg-stewards,892792397849821215
ğŸ§™wg-stewards,892792397849821215
communitas-headquarters,948655179589378058
ğŸ¤–â”‹devops,955413352224555069
ğŸ“Œâ”‹team-availability,978376716802228224
ğŸ“…scheduling,979783352783609866
ğŸ’¬â”‹collab-chat,990973636603179079